<?xml version="1.0" encoding="UTF-8"?>
<!DOCTYPE mapper PUBLIC "-//mybatis.org//DTD Mapper 3.0//EN" "http://mybatis.org/dtd/mybatis-3-mapper.dtd">
<mapper namespace="FinanceMapper">
	
	<!--表名 -->
	<sql id="tableName">
		FINANCE
	</sql>
	
	<!-- 字段 -->
	<sql id="Field">
		FINANCE_ID,	
		GENERAL_ARCHIVE,	
		CATALOG_NUMBER,	
		VOLUME_NUM,	
		FINANCE_NAME,	
		FINANCE_YEAR,	
		COMPANY_NAME,	
		STORAGE_TIME,	
		ARCHIVE_NUM,	
		SUPERVISOR,	
		BOOKKEEPER,	
		BINDING_PERSON,	
		PAGES,	
		FINANCE_ID
	</sql>
	
	<!-- 字段值 -->
	<sql id="FieldValue">
		#{FINANCE_ID},	
		#{GENERAL_ARCHIVE},	
		#{CATALOG_NUMBER},	
		#{VOLUME_NUM},	
		#{FINANCE_NAME},	
		#{FINANCE_YEAR},	
		#{COMPANY_NAME},	
		#{STORAGE_TIME},	
		#{ARCHIVE_NUM},	
		#{SUPERVISOR},	
		#{BOOKKEEPER},	
		#{BINDING_PERSON},	
		#{PAGES},	
		#{FINANCE_ID}
	</sql>
	
	<!-- 新增-->
	<insert id="save" parameterType="pd">
		insert into 
	<include refid="tableName"></include>
		(
	<include refid="Field"></include>
		) values (
	<include refid="FieldValue"></include>
		)
	</insert>
	
	<!-- 删除-->
	<delete id="delete" parameterType="pd">
		delete from
		<include refid="tableName"></include>
		where 
			FINANCE_ID = #{FINANCE_ID}
	</delete>
	
	<!-- 修改 -->
	<update id="edit" parameterType="pd">
		update
		<include refid="tableName"></include>
		set 
			FINANCE_ID = #{FINANCE_ID},
			GENERAL_ARCHIVE = #{GENERAL_ARCHIVE},
			CATALOG_NUMBER = #{CATALOG_NUMBER},
			VOLUME_NUM = #{VOLUME_NUM},
			FINANCE_NAME = #{FINANCE_NAME},
			FINANCE_YEAR = #{FINANCE_YEAR},
			COMPANY_NAME = #{COMPANY_NAME},
			STORAGE_TIME = #{STORAGE_TIME},
			ARCHIVE_NUM = #{ARCHIVE_NUM},
			SUPERVISOR = #{SUPERVISOR},
			BOOKKEEPER = #{BOOKKEEPER},
			BINDING_PERSON = #{BINDING_PERSON},
			PAGES = #{PAGES},
		FINANCE_ID = FINANCE_ID
		where 
		FINANCE_ID = #{FINANCE_ID}
	</update>
	
	<!-- 通过ID获取数据 -->
	<select id="findById" parameterType="pd" resultType="pd">
		select 
		<include refid="Field"></include>
		from 
		<include refid="tableName"></include>
		where 
			FINANCE_ID = #{FINANCE_ID}
	</select>
	
	<!-- 列表 -->
	<select id="datalistPage" parameterType="page" resultType="pd">
		select
		<include refid="Field"></include>
		from 
		<include refid="tableName"></include>
		where 1=1
		<if test="pd.keywords!= null and pd.keywords != ''"><!-- 关键词检索 -->
			and
				(
				<!--	根据需求自己加检索条件
					字段1 LIKE CONCAT(CONCAT('%', #{pd.keywords}),'%')
					 or 
					字段2 LIKE CONCAT(CONCAT('%', #{pd.keywords}),'%') 
				-->
				)
		</if>
	</select>
	
	<!-- 列表(全部) -->
	<select id="listAll" parameterType="pd" resultType="pd">
		select
		<include refid="Field"></include>
		from 
		<include refid="tableName"></include>
	</select>
	
	<!-- 批量删除 -->
	<delete id="deleteAll" parameterType="String">
		delete from
		<include refid="tableName"></include>
		where 
			FINANCE_ID in
		<foreach item="item" index="index" collection="array" open="(" separator="," close=")">
                 #{item}
		</foreach>
	</delete>
	
	<!-- fh313596790qq(青苔) -->
</mapper>